{
  "collapse-filter": false,
  "search": "",
  "showTags": false,
  "showAttachments": false,
  "hideUnresolved": false,
  "showOrphans": true,
  "collapse-color-groups": true,
  "colorGroups": [],
  "collapse-display": true,
  "showArrow": false,
  "textFadeMultiplier": -0.1,
  "nodeSizeMultiplier": 1.85897435897436,
  "lineSizeMultiplier": 1,
  "collapse-forces": false,
  "centerStrength": 0.487179487179487,
  "repelStrength": 20,
  "linkStrength": 1,
  "linkDistance": 30,
  "scale": 0.09392927902847001,
  "close": true
}